{
  "train_loss": [
    6.70112007856369,
    4.075512945652008,
    3.206841101249059,
    3.1524055004119873,
    3.0872507095336914,
    3.043389896551768,
    3.1955416003863015,
    2.9658229748408,
    2.9515838424364724,
    2.825554668903351,
    2.750176648298899,
    2.5804671148459115,
    2.812574028968811,
    2.5584114293257394,
    2.8437084555625916,
    2.5216975708802543,
    2.4111013213793435,
    2.6101000905036926,
    2.4332844018936157,
    2.6582101782162986,
    2.410419851541519,
    2.731710116068522,
    2.3589703341325126,
    2.414646734793981,
    2.3314167658487954,
    2.2739169746637344,
    2.359808216492335,
    2.4286507268746695,
    2.465258836746216,
    2.3363510171572366,
    2.430353323618571,
    2.4623825947443643,
    2.2719911535580954,
    2.328593134880066,
    2.380650818347931,
    2.3917355438073478,
    2.3614513079325357,
    2.1578527887662253,
    2.2933546205361686,
    2.3299466172854104,
    2.2779270013173423,
    2.3154550393422446,
    2.280902236700058,
    2.294034332036972,
    2.27245964606603,
    2.2291105687618256,
    2.1690516471862793,
    2.2805963853995004,
    2.1819760501384735,
    2.178346117337545
  ],
  "train_acc": [
    9.295774647887324,
    12.112676056338028,
    20.56338028169014,
    21.690140845070424,
    22.535211267605632,
    20.845070422535212,
    25.35211267605634,
    25.35211267605634,
    22.816901408450704,
    22.535211267605632,
    25.35211267605634,
    27.6056338028169,
    25.633802816901408,
    24.788732394366196,
    27.887323943661972,
    29.295774647887324,
    27.887323943661972,
    27.887323943661972,
    29.859154929577464,
    28.732394366197184,
    30.985915492957748,
    29.295774647887324,
    32.67605633802817,
    31.549295774647888,
    30.422535211267604,
    30.422535211267604,
    31.830985915492956,
    35.774647887323944,
    32.95774647887324,
    30.422535211267604,
    34.647887323943664,
    29.859154929577464,
    33.23943661971831,
    32.67605633802817,
    32.11267605633803,
    30.985915492957748,
    30.422535211267604,
    34.36619718309859,
    31.267605633802816,
    34.08450704225352,
    35.2112676056338,
    32.67605633802817,
    35.49295774647887,
    30.985915492957748,
    32.394366197183096,
    32.11267605633803,
    34.08450704225352,
    33.521126760563384,
    32.67605633802817,
    32.95774647887324
  ],
  "val_loss": [
    3.6160686016082764,
    3.4045628706614175,
    3.177100976308187,
    3.089806318283081,
    3.193569819132487,
    3.1215835412343345,
    3.044421672821045,
    3.103222370147705,
    3.0945546627044678,
    3.0173370838165283,
    3.0322837829589844,
    2.9923664728800454,
    2.9935079415639243,
    2.9197514057159424,
    2.963050444920858,
    2.9641076723734536,
    2.8980562686920166,
    2.8657584190368652,
    2.868025461832682,
    2.8551888465881348,
    2.8122761249542236,
    2.8055709997812905,
    2.852335294087728,
    2.8427024682362876,
    2.8187612692515054,
    2.8182634512583413,
    2.7872652212778726,
    2.763352553049723,
    2.76540207862854,
    2.771080255508423,
    2.7666889826456704,
    2.7708595593770347,
    2.7791802883148193,
    2.7783098220825195,
    2.7610321839650473,
    2.7645460764567056,
    2.7789975007375083,
    2.773911158243815,
    2.7672195434570312,
    2.7596611181894937,
    2.756850004196167,
    2.765558958053589,
    2.756741682688395,
    2.7557403246561685,
    2.7493011951446533,
    2.7450733184814453,
    2.743212620417277,
    2.751490672429403,
    2.751243273417155,
    2.740679661432902
  ],
  "val_acc": [
    16.853932584269664,
    20.224719101123597,
    23.59550561797753,
    21.348314606741575,
    22.471910112359552,
    21.348314606741575,
    23.59550561797753,
    19.10112359550562,
    21.348314606741575,
    23.59550561797753,
    17.97752808988764,
    23.59550561797753,
    19.10112359550562,
    22.471910112359552,
    19.10112359550562,
    20.224719101123597,
    20.224719101123597,
    20.224719101123597,
    21.348314606741575,
    23.59550561797753,
    23.59550561797753,
    20.224719101123597,
    19.10112359550562,
    20.224719101123597,
    19.10112359550562,
    19.10112359550562,
    19.10112359550562,
    19.10112359550562,
    19.10112359550562,
    19.10112359550562,
    20.224719101123597,
    20.224719101123597,
    21.348314606741575,
    21.348314606741575,
    20.224719101123597,
    20.224719101123597,
    20.224719101123597,
    21.348314606741575,
    20.224719101123597,
    22.471910112359552,
    22.471910112359552,
    20.224719101123597,
    22.471910112359552,
    20.224719101123597,
    22.471910112359552,
    22.471910112359552,
    20.224719101123597,
    19.10112359550562,
    21.348314606741575,
    21.348314606741575
  ]
}